ID	label	year	sortID	month_number	CircularLayout	CircularLayout_month	month
BL0401	Jan04	1	Month_001	1	01Jan_Y04	01_Jan	Jan
BL0402	Feb04	2	Month_002	2	02Feb_Y04	02_Feb	Feb
BL0403	Mar04	3	Month_003	3	03Mar_Y04	03_Mar	Mar
BL0404	Apr04	4	Month_004	4	04Apr_Y04	04_Apr	Apr
BL0405	May04	5	Month_005	5	05May_Y04	05_May	May
BL0406	Jun04	6	Month_006	6	06Jun_Y04	06_Jun	Jun
BL0407	Jul04	7	Month_007	7	07Jul_Y04	07_Jul	Jul
BL0408	Aug04	8	Month_008	8	08Aug_Y04	08_Aug	Aug
BL0409	Sep04	9	Month_009	9	09Sep_Y04	09_Sep	Sep
BL0410	Oct04	10	Month_010	10	10Oct_Y04	10_Oct	Oct
BL0411	Nov04	11	Month_011	11	11Nov_Y04	11_Nov	Nov
BL0412	Dec04	12	Month_012	12	12Dec_Y04	12_Dec	Dec
BL0501	Jan05	1	Month_013	1	01Jan_Y05	01_Jan	Jan
BL0502	Feb05	2	Month_014	2	02Feb_Y05	02_Feb	Feb
BL0503	Mar05	3	Month_015	3	03Mar_Y05	03_Mar	Mar
BL0504	Apr05	4	Month_016	4	04Apr_Y05	04_Apr	Apr
BL0505	May05	5	Month_017	5	05May_Y05	05_May	May
BL0506	Jun05	6	Month_018	6	06Jun_Y05	06_Jun	Jun
BL0507	Jul05	7	Month_019	7	07Jul_Y05	07_Jul	Jul
BL0508	Aug05	8	Month_020	8	08Aug_Y05	08_Aug	Aug
BL0509	Sep05	9	Month_021	9	09Sep_Y05	09_Sep	Sep
BL0510	Oct05	10	Month_022	10	10Oct_Y05	10_Oct	Oct
BL0511	Nov05	11	Month_023	11	11Nov_Y05	11_Nov	Nov
BL0512	Dec05	12	Month_024	12	12Dec_Y05	12_Dec	Dec
BL0601	Jan06	1	Month_025	1	01Jan_Y06	01_Jan	Jan
BL0602	Feb06	2	Month_026	2	02Feb_Y06	02_Feb	Feb
BL0603	Mar06	3	Month_027	3	03Mar_Y06	03_Mar	Mar
BL0604	Apr06	4	Month_028	4	04Apr_Y06	04_Apr	Apr
BL0605	May06	5	Month_029	5	05May_Y06	05_May	May
BL0606	Jun06	6	Month_030	6	06Jun_Y06	06_Jun	Jun
BL0607	Jul06	7	Month_031	7	07Jul_Y06	07_Jul	Jul
BL0608	Aug06	8	Month_032	8	08Aug_Y06	08_Aug	Aug
BL0609	Sep06	9	Month_033	9	09Sep_Y06	09_Sep	Sep
BL0610	Oct06	10	Month_034	10	10Oct_Y06	10_Oct	Oct
BL0611	Nov06	11	Month_035	11	11Nov_Y06	11_Nov	Nov
BL0612	Dec06	12	Month_036	12	12Dec_Y06	12_Dec	Dec
BL0701	Jan07	1	Month_037	1	01Jan_Y07	01_Jan	Jan
BL0702	Feb07	2	Month_038	2	02Feb_Y07	02_Feb	Feb
BL0703	Mar07	3	Month_039	3	03Mar_Y07	03_Mar	Mar
BL0704	Apr07	4	Month_040	4	04Apr_Y07	04_Apr	Apr
BL0705	May07	5	Month_041	5	05May_Y07	05_May	May
BL0706	Jun07	6	Month_042	6	06Jun_Y07	06_Jun	Jun
BL0707	Jul07	7	Month_043	7	07Jul_Y07	07_Jul	Jul
BL0708	Aug07	8	Month_044	8	08Aug_Y07	08_Aug	Aug
BL0709	Sep07	9	Month_045	9	09Sep_Y07	09_Sep	Sep
BL0710	Oct07	10	Month_046	10	10Oct_Y07	10_Oct	Oct
BL0711	Nov07	11	Month_047	11	11Nov_Y07	11_Nov	Nov
BL0712	Dec07	12	Month_048	12	12Dec_Y07	12_Dec	Dec
BL0801	Jan08	1	Month_049	1	01Jan_Y08	01_Jan	Jan
BL0802	Feb08	2	Month_050	2	02Feb_Y08	02_Feb	Feb
BL0803	Mar08	3	Month_051	3	03Mar_Y08	03_Mar	Mar
BL0804	Apr08	4	Month_052	4	04Apr_Y08	04_Apr	Apr
BL0805	May08	5	Month_053	5	05May_Y08	05_May	May
BL0806	Jun08	6	Month_054	6	06Jun_Y08	06_Jun	Jun
BL0807	Jul08	7	Month_055	7	07Jul_Y08	07_Jul	Jul
BL0808	Aug08	8	Month_056	8	08Aug_Y08	08_Aug	Aug
BL0809	Sep08	9	Month_057	9	09Sep_Y08	09_Sep	Sep
BL0810	Oct08	10	Month_058	10	10Oct_Y08	10_Oct	Oct
BL0811	Nov08	11	Month_059	11	11Nov_Y08	11_Nov	Nov
BL0812	Dec08	12	Month_060	12	12Dec_Y08	12_Dec	Dec
BL0901	Jan09	1	Month_061	1	01Jan_Y09	01_Jan	Jan
BL0902	Feb09	2	Month_062	2	02Feb_Y09	02_Feb	Feb
BL0903	Mar09	3	Month_063	3	03Mar_Y09	03_Mar	Mar
BL0904	Apr09	4	Month_064	4	04Apr_Y09	04_Apr	Apr
BL0905	May09	5	Month_065	5	05May_Y09	05_May	May
BL0906	Jun09	6	Month_066	6	06Jun_Y09	06_Jun	Jun
BL0907	Jul09	7	Month_067	7	07Jul_Y09	07_Jul	Jul
BL0908	Aug09	8	Month_068	8	08Aug_Y09	08_Aug	Aug
BL0909	Sep09	9	Month_069	9	09Sep_Y09	09_Sep	Sep
BL0910	Oct09	10	Month_070	10	10Oct_Y09	10_Oct	Oct
BL0911	Nov09	11	Month_071	11	11Nov_Y09	11_Nov	Nov
BL0912	Dec09	12	Month_072	12	12Dec_Y09	12_Dec	Dec
BL1001	Jan10	1	Month_073	1	01Jan_Y10	01_Jan	Jan
BL1002	Feb10	2	Month_074	2	02Feb_Y10	02_Feb	Feb
BL1003	Mar10	3	Month_075	3	03Mar_Y10	03_Mar	Mar
BL1004	Apr10	4	Month_076	4	04Apr_Y10	04_Apr	Apr
BL1005	May10	5	Month_077	5	05May_Y10	05_May	May
BL1006	Jun10	6	Month_078	6	06Jun_Y10	06_Jun	Jun
BL1007	Jul10	7	Month_079	7	07Jul_Y10	07_Jul	Jul
BL1008	Aug10	8	Month_080	8	08Aug_Y10	08_Aug	Aug
BL1009	Sep10	9	Month_081	9	09Sep_Y10	09_Sep	Sep
BL1010	Oct10	10	Month_082	10	10Oct_Y10	10_Oct	Oct
BL1011	Nov10	11	Month_083	11	11Nov_Y10	11_Nov	Nov
BL1012	Dec10	12	Month_084	12	12Dec_Y10	12_Dec	Dec
BL1101	Jan11	1	Month_085	1	01Jan_Y11	01_Jan	Jan
BL1102	Feb11	2	Month_086	2	02Feb_Y11	02_Feb	Feb
BL1103	Mar11	3	Month_087	3	03Mar_Y11	03_Mar	Mar
BL1104	Apr11	4	Month_088	4	04Apr_Y11	04_Apr	Apr
BL1105	May11	5	Month_089	5	05May_Y11	05_May	May
BL1106	Jun11	6	Month_090	6	06Jun_Y11	06_Jun	Jun
BL1107	Jul11	7	Month_091	7	07Jul_Y11	07_Jul	Jul
BL1108	Aug11	8	Month_092	8	08Aug_Y11	08_Aug	Aug
BL1109	Sep11	9	Month_093	9	09Sep_Y11	09_Sep	Sep
BL1110	Oct11	10	Month_094	10	10Oct_Y11	10_Oct	Oct
BL1111	Nov11	11	Month_095	11	11Nov_Y11	11_Nov	Nov
BL1112	Dec11	12	Month_096	12	12Dec_Y11	12_Dec	Dec
BL1201	Jan12	1	Month_097	1	01Jan_Y12	01_Jan	Jan
BL1202	Feb12	2	Month_098	2	02Feb_Y12	02_Feb	Feb
BL1203	Mar12	3	Month_099	3	03Mar_Y12	03_Mar	Mar
BL1204	Apr12	4	Month_100	4	04Apr_Y12	04_Apr	Apr
BL1205	May12	5	Month_101	5	05May_Y12	05_May	May
BL1206	Jun12	6	Month_102	6	06Jun_Y12	06_Jun	Jun
BL1207	Jul12	7	Month_103	7	07Jul_Y12	07_Jul	Jul
BL1208	Aug12	8	Month_104	8	08Aug_Y12	08_Aug	Aug
BL1209	Sep12	9	Month_105	9	09Sep_Y12	09_Sep	Sep
BL1210	Oct12	10	Month_106	10	10Oct_Y12	10_Oct	Oct
BL1211	Nov12	11	Month_107	11	11Nov_Y12	11_Nov	Nov
BL1212	Dec12	12	Month_108	12	12Dec_Y12	12_Dec	Dec
BL1301	Jan13	1	Month_109	1	01Jan_Y13	01_Jan	Jan
BL1302	Feb13	2	Month_110	2	02Feb_Y13	02_Feb	Feb
BL1303	Mar13	3	Month_111	3	03Mar_Y13	03_Mar	Mar
BL1304	Apr13	4	Month_112	4	04Apr_Y13	04_Apr	Apr
BL1305	May13	5	Month_113	5	05May_Y13	05_May	May
BL1306	Jun13	6	Month_114	6	06Jun_Y13	06_Jun	Jun
BL1307	Jul13	7	Month_115	7	07Jul_Y13	07_Jul	Jul
BL1308	Aug13	8	Month_116	8	08Aug_Y13	08_Aug	Aug
BL1309	Sep13	9	Month_117	9	09Sep_Y13	09_Sep	Sep
BL1310	Oct13	10	Month_118	10	10Oct_Y13	10_Oct	Oct
BL1311	Nov13	11	Month_119	11	11Nov_Y13	11_Nov	Nov
BL1312	Dec13	12	Month_120	12	12Dec_Y13	12_Dec	Dec
