ID	SizeFraction	Kingdom	Superphylum	Phylum	Class	Order	Family	Genus	Species	Phylum_Cyano	nodesize
bn_ASV_000001	nano	Bacteria	Cyanobacteria	Cyanobacteria	Oxyphotobacteria	Synechococcales	Cyanobiaceae	Synechococcus_CC9902	uncultured_bacterium	Synechococcus_CC9902	1
bn_ASV_000005	nano	Bacteria	Cyanobacteria	Cyanobacteria	Oxyphotobacteria	Synechococcales	Cyanobiaceae	Synechococcus_CC9902	uncultured_bacterium	Synechococcus_CC9902	1
bn_ASV_000007	nano	Bacteria	Proteobacteria	Proteobacteria	Alphaproteobacteria	SAR11	SAR11_Clade_I	SAR11_Clade_Ia	uncultured_bacterium	Alphaproteobacteria	1
bn_ASV_000009	nano	Bacteria	Cyanobacteria	Cyanobacteria	Oxyphotobacteria	Synechococcales	Cyanobiaceae	Synechococcus_CC9902	uncultured_marine_cyanobacterium	Synechococcus_CC9902	1
bn_ASV_000012	nano	Bacteria	Cyanobacteria	Cyanobacteria	Oxyphotobacteria	Synechococcales	Cyanobiaceae	Synechococcus_CC9902	marine_metagenome	Synechococcus_CC9902	1
bn_ASV_000017	nano	Bacteria	Proteobacteria	Proteobacteria	Alphaproteobacteria	Rhodobacterales	Rhodobacteraceae	Amylibacter	uncultured_bacterium	Alphaproteobacteria	1
bn_ASV_000018	nano	Bacteria	Cyanobacteria	Cyanobacteria	Oxyphotobacteria	Synechococcales	Cyanobiaceae	Prochlorococcus_MIT9313	uncultured_marine_cyanobacterium	Prochlorococcus_MIT9313	1
bn_ASV_000020	nano	Bacteria	Cyanobacteria	Cyanobacteria	Oxyphotobacteria	Synechococcales	Cyanobiaceae	Cyanobium_PCC-6307	uncultured_bacterium	Cyanobium_PCC-6307	1
bn_ASV_000025	nano	Bacteria	Cyanobacteria	Cyanobacteria	Oxyphotobacteria	Synechococcales	Cyanobiaceae	Synechococcus_CC9902	uncultured_bacterium	Synechococcus_CC9902	1
bn_ASV_000031	nano	Bacteria	Cyanobacteria	Cyanobacteria	Oxyphotobacteria	Synechococcales	Cyanobiaceae	Synechococcus_CC9902	Synechococcus_sp._WH_7805	Synechococcus_CC9902	1
bn_ASV_000032	nano	Bacteria	Proteobacteria	Proteobacteria	Alphaproteobacteria	Puniceispirillales	Puniceispirillales_SAR116	Puniceispirillales_SAR116	uncultured_marine_bacterium	Alphaproteobacteria	1
bn_ASV_000033	nano	Bacteria	Proteobacteria	Proteobacteria	Alphaproteobacteria	Rhodobacterales	Rhodobacteraceae	Planktomarina	uncultured_bacterium	Alphaproteobacteria	1
bn_ASV_000036	nano	Bacteria	Bacteroidetes	Bacteroidetes	Bacteroidia	Flavobacteriales	Flavobacteriaceae	Aurantivirga	uncultured_bacterium	Bacteroidetes	1
bn_ASV_000037	nano	Bacteria	Proteobacteria	Proteobacteria	Alphaproteobacteria	Parvibaculales	Parvibaculales_OCS116	Parvibaculales_OCS116	uncultured_bacterium	Alphaproteobacteria	1
bn_ASV_000038	nano	Bacteria	Proteobacteria	Proteobacteria	Gammaproteobacteria	Gammaproteobacteria_SAR86	Gammaproteobacteria_SAR86	Gammaproteobacteria_SAR86	uncultured_bacterium	Gammaproteobacteria	1
bn_ASV_000039	nano	Bacteria	Proteobacteria	Proteobacteria	Gammaproteobacteria	Thiomicrospirales	Thioglobaceae	SUP05_cluster	uncultured_marine_bacterium	Gammaproteobacteria	1
bn_ASV_000043	nano	Bacteria	Bacteroidetes	Bacteroidetes	Bacteroidia	Flavobacteriales	Flavobacteriaceae	Flavobacteriaceae_NS4	uncultured_bacterium	Bacteroidetes	1
bn_ASV_000046	nano	Bacteria	Proteobacteria	Proteobacteria	Alphaproteobacteria	SAR11	SAR11_Clade_I	SAR11_Clade_Ia	uncultured_marine_bacterium	Alphaproteobacteria	1
bn_ASV_000059	nano	Bacteria	Proteobacteria	Proteobacteria	Gammaproteobacteria	Gammaproteobacteria_SAR86	Gammaproteobacteria_SAR86	Gammaproteobacteria_SAR86	uncultured_bacterium	Gammaproteobacteria	1
bn_ASV_000060	nano	Bacteria	Cyanobacteria	Cyanobacteria	Oxyphotobacteria	Synechococcales	Cyanobiaceae	Synechococcus_CC9902	uncultured_bacterium	Synechococcus_CC9902	1
bn_ASV_000062	nano	Bacteria	Proteobacteria	Proteobacteria	Alphaproteobacteria	Puniceispirillales	Puniceispirillales_SAR116	Puniceispirillales_SAR116	uncultured_bacterium	Alphaproteobacteria	1
bn_ASV_000067	nano	Bacteria	Verrucomicrobia	Verrucomicrobia	Verrucomicrobiae	Verrucomicrobiales	Verrucomicrobiales_DEV007	Verrucomicrobiales_DEV007	uncultured_bacterium	Verrucomicrobia	1
bn_ASV_000070	nano	Bacteria	Bacteroidetes	Bacteroidetes	Bacteroidia	Flavobacteriales	Cryomorphaceae	Cryomorphaceae_X	uncultured_marine_bacterium	Bacteroidetes	1
bn_ASV_000079	nano	Bacteria	Cyanobacteria	Cyanobacteria	Oxyphotobacteria	Synechococcales	Cyanobiaceae	Synechococcus_CC9902	uncultured_bacterium	Synechococcus_CC9902	1
bn_ASV_000087	nano	Bacteria	Cyanobacteria	Cyanobacteria	Oxyphotobacteria	Synechococcales	Cyanobiaceae	Synechococcus_CC9902	unidentified_marine_bacterioplankton	Synechococcus_CC9902	1
bn_ASV_000089	nano	Bacteria	Proteobacteria	Proteobacteria	Gammaproteobacteria	Gammaproteobacteria_SAR86	Gammaproteobacteria_SAR86	Gammaproteobacteria_SAR86	uncultured_SAR86_cluster_bacterium	Gammaproteobacteria	1
bn_ASV_000096	nano	Bacteria	Proteobacteria	Proteobacteria	Alphaproteobacteria	SAR11	SAR11_Clade_III	SAR11_Clade_III	uncultured_bacterium	Alphaproteobacteria	1
bn_ASV_000097	nano	Bacteria	Proteobacteria	Proteobacteria	Gammaproteobacteria	Gammaproteobacteria_SAR86	Gammaproteobacteria_SAR86	Gammaproteobacteria_SAR86	unidentified_marine_bacterioplankton	Gammaproteobacteria	1
bn_ASV_000098	nano	Bacteria	Cyanobacteria	Cyanobacteria	Oxyphotobacteria	Synechococcales	Cyanobiaceae	Synechococcus_CC9902	uncultured_bacterium	Synechococcus_CC9902	1
bn_ASV_000107	nano	Bacteria	Verrucomicrobia	Verrucomicrobia	Verrucomicrobiae	Verrucomicrobiales	Rubritaleaceae	Roseibacillus	uncultured_bacterium	Verrucomicrobia	1
bn_ASV_000108	nano	Bacteria	Actinobacteria	Actinobacteria	Acidimicrobiia	Actinomarinales	Actinomarinaceae	Actinomarina	uncultured_marine_bacterium	Actinobacteria	1
bn_ASV_000112	nano	Bacteria	Proteobacteria	Proteobacteria	Gammaproteobacteria	Gammaproteobacteria_KI89A	Gammaproteobacteria_KI89A	Gammaproteobacteria_KI89A	uncultured_bacterium	Gammaproteobacteria	1
bn_ASV_000113	nano	Bacteria	Chloroflexi	Chloroflexi	Dehalococcoidia	Dehalococcoidia_SAR202	Dehalococcoidia_SAR202	Dehalococcoidia_SAR202	marine_metagenome	Chloroflexi	1
bn_ASV_000116	nano	Bacteria	Bacteroidetes	Bacteroidetes	Bacteroidia	Flavobacteriales	Flavobacteriaceae	Flavobacteriaceae_NS4	marine_metagenome	Bacteroidetes	1
bn_ASV_000118	nano	Bacteria	Verrucomicrobia	Verrucomicrobia	Verrucomicrobiae	Verrucomicrobiales	Verrucomicrobiales_DEV007	Verrucomicrobiales_DEV007	uncultured_bacterium	Verrucomicrobia	1
bn_ASV_000124	nano	Bacteria	Proteobacteria	Proteobacteria	Alphaproteobacteria	Rhodobacterales	Rhodobacteraceae	Rhodobacteraceae_X	uncultured_bacterium	Alphaproteobacteria	1
bn_ASV_000127	nano	Bacteria	Bacteroidetes	Bacteroidetes	Bacteroidia	Flavobacteriales	Cryomorphaceae	Cryomorphaceae_X	uncultured_marine_microorganism	Bacteroidetes	1
bn_ASV_000129	nano	Bacteria	Proteobacteria	Proteobacteria	Gammaproteobacteria	Alteromonadales	Pseudoalteromonadaceae	Pseudoalteromonas	uncultured_Pseudoalteromonas_sp	Gammaproteobacteria	1
bn_ASV_000132	nano	Bacteria	Actinobacteria	Actinobacteria	Acidimicrobiia	Actinomarinales	Actinomarinaceae	Actinomarina	uncultured_bacterium	Actinobacteria	1
bn_ASV_000134	nano	Bacteria	Proteobacteria	Proteobacteria	Alphaproteobacteria	Rickettsiales	Rickettsiales_S25-593	Rickettsiales_S25-593	uncultured_bacterium	Alphaproteobacteria	1
bn_ASV_000135	nano	Bacteria	Proteobacteria	Proteobacteria	Gammaproteobacteria	Oceanospirillales	Pseudohongiellaceae	Pseudohongiella	uncultured_marine_bacterium	Gammaproteobacteria	1
bn_ASV_000136	nano	Bacteria	Bacteroidetes	Bacteroidetes	Bacteroidia	Flavobacteriales	Flavobacteriaceae	Flavobacteriaceae_NS2b	uncultured_Flavobacteriia_bacterium	Bacteroidetes	1
bn_ASV_000141	nano	Bacteria	Cyanobacteria	Cyanobacteria	Oxyphotobacteria	Synechococcales	Cyanobiaceae	Cyanobium_PCC-6307	uncultured_bacterium	Cyanobium_PCC-6307	1
bn_ASV_000151	nano	Bacteria	Proteobacteria	Proteobacteria	Alphaproteobacteria	Rhodobacterales	Rhodobacteraceae	Rhodobacteraceae_X	uncultured_bacterium	Alphaproteobacteria	1
bn_ASV_000170	nano	Bacteria	Actinobacteria	Actinobacteria	Acidimicrobiia	Microtrichales	Microtrichaceae	Sva0996_marine_group	uncultured_actinobacterium_HF0130_15N16	Actinobacteria	1
bn_ASV_000173	nano	Bacteria	Planctomycetes	Planctomycetes	Phycisphaerae	Phycisphaerales	Phycisphaeraceae	Urania-1B-19_marine_sediment_group	uncultured_bacterium	Planctomycetes	1
bn_ASV_000176	nano	Bacteria	Cyanobacteria	Cyanobacteria	Oxyphotobacteria	Synechococcales	Cyanobiaceae	Prochlorococcus_MIT9313	uncultured_marine_cyanobacterium	Prochlorococcus_MIT9313	1
bn_ASV_000183	nano	Bacteria	Bacteroidetes	Bacteroidetes	Bacteroidia	Flavobacteriales	Flavobacteriaceae	Flavobacteriaceae_NS4	uncultured_marine_bacterium	Bacteroidetes	1
bn_ASV_000190	nano	Bacteria	Proteobacteria	Proteobacteria	Alphaproteobacteria	Caulobacterales	Caulobacteraceae	Brevundimonas	rock_porewater_metagenome	Alphaproteobacteria	1
bn_ASV_000209	nano	Bacteria	Chloroflexi	Chloroflexi	Dehalococcoidia	Dehalococcoidia_SAR202	Dehalococcoidia_SAR202	Dehalococcoidia_SAR202	marine_metagenome	Chloroflexi	1
bn_ASV_000213	nano	Bacteria	Proteobacteria	Proteobacteria	Gammaproteobacteria	Gammaproteobacteria_Ga0077536	Gammaproteobacteria_Ga0077536	Gammaproteobacteria_Ga0077536	uncultured_bacterium	Gammaproteobacteria	1
bn_ASV_000214	nano	Bacteria	Bacteroidetes	Bacteroidetes	Bacteroidia	Flavobacteriales	Flavobacteriaceae	Flavobacteriaceae_NS4	uncultured_Flavobacteriales_bacterium	Bacteroidetes	1
bn_ASV_000217	nano	Bacteria	Bacteroidetes	Bacteroidetes	Bacteroidia	Flavobacteriales	Flavobacteriales_NS9	Flavobacteriales_NS9	uncultured_Flavobacteriales_bacterium	Bacteroidetes	1
bn_ASV_000222	nano	Bacteria	Proteobacteria	Proteobacteria	Alphaproteobacteria	Rhodospirillales	Rhodospirillales_AEGEAN-169	Rhodospirillales_AEGEAN-169	uncultured_bacterium	Alphaproteobacteria	1
bn_ASV_000226	nano	Bacteria	Proteobacteria	Proteobacteria	Gammaproteobacteria	Gammaproteobacteria_HOC36	Gammaproteobacteria_HOC36	Gammaproteobacteria_HOC36	uncultured_bacterium	Gammaproteobacteria	1
bn_ASV_000232	nano	Bacteria	Actinobacteria	Actinobacteria	Acidimicrobiia	Microtrichales	Microtrichaceae	Sva0996_marine_group	uncultured_bacterium	Actinobacteria	1
bn_ASV_000245	nano	Bacteria	Bacteroidetes	Bacteroidetes	Bacteroidia	Chitinophagales	Saprospiraceae	Saprospiraceae_X	uncultured_bacterium	Bacteroidetes	1
bn_ASV_000248	nano	Bacteria	Planctomycetes	Planctomycetes	Planctomycetacia	Pirellulales	Pirellulaceae	Rhodopirellula	marine_metagenome	Planctomycetes	1
bn_ASV_000256	nano	Bacteria	Proteobacteria	Proteobacteria	Deltaproteobacteria	Deltaproteobacteria_SAR324	Deltaproteobacteria_SAR324	Deltaproteobacteria_SAR324	uncultured_bacterium	Deltaproteobacteria	1
bn_ASV_000257	nano	Bacteria	Bacteroidetes	Bacteroidetes	Bacteroidia	Flavobacteriales	Flavobacteriales_NS9	Flavobacteriales_NS9	uncultured_bacterium	Bacteroidetes	1
bn_ASV_000265	nano	Bacteria	Planctomycetes	Planctomycetes	Planctomycetacia	Pirellulales	Pirellulaceae	Rubripirellula	uncultured_planctomycete_6N14	Planctomycetes	1
bn_ASV_000267	nano	Bacteria	Cyanobacteria	Cyanobacteria	Oxyphotobacteria	Synechococcales	Cyanobiaceae	Prochlorococcus_MIT9313	uncultured_marine_cyanobacterium	Prochlorococcus_MIT9313	1
bn_ASV_000269	nano	Bacteria	Proteobacteria	Proteobacteria	Alphaproteobacteria	Rhodovibrionales	Kiloniellaceae	Kiloniella	Kiloniella_laminariae	Alphaproteobacteria	1
bn_ASV_000271	nano	Bacteria	Actinobacteria	Actinobacteria	Acidimicrobiia	Microtrichales	Microtrichaceae	Sva0996_marine_group	marine_metagenome	Actinobacteria	1
bn_ASV_000279	nano	Bacteria	Proteobacteria	Proteobacteria	Alphaproteobacteria	Alphaproteobacteria_X	Alphaproteobacteria_X	Alphaproteobacteria_X	uncultured_bacterium	Alphaproteobacteria	1
bn_ASV_000281	nano	Bacteria	Bacteroidetes	Bacteroidetes	Bacteroidia	Sphingobacteriales	Sphingobacteriales_NS11-12	Sphingobacteriales_NS11-12	marine_metagenome	Bacteroidetes	1
bn_ASV_000294	nano	Bacteria	Chloroflexi	Chloroflexi	Dehalococcoidia	Dehalococcoidia_SAR202	Dehalococcoidia_SAR202	Dehalococcoidia_SAR202	marine_metagenome	Chloroflexi	1
bn_ASV_000298	nano	Bacteria	Verrucomicrobia	Verrucomicrobia	Verrucomicrobiae	Opitutales	Puniceicoccaceae	Pelagicoccus	uncultured_bacterium	Verrucomicrobia	1
bn_ASV_000306	nano	Bacteria	Actinobacteria	Actinobacteria	Acidimicrobiia	Microtrichales	Microtrichaceae	Sva0996_marine_group	uncultured_marine_bacterium	Actinobacteria	1
bn_ASV_000311	nano	Bacteria	Dadabacteria	Dadabacteria	Dadabacteriia	Dadabacteriales	Dadabacteriales_X	Dadabacteriales_X	metagenome	Dadabacteria	1
bn_ASV_000314	nano	Bacteria	Verrucomicrobia	Verrucomicrobia	Verrucomicrobiae	Verrucomicrobiae_Arctic97B-4	Verrucomicrobiae_Arctic97B-4	Verrucomicrobiae_Arctic97B-4	marine_metagenome	Verrucomicrobia	1
bn_ASV_000320	nano	Bacteria	Proteobacteria	Proteobacteria	Alphaproteobacteria	Thalassobaculales	Nisaeaceae	Nisaeaceae_OM75	marine_metagenome	Alphaproteobacteria	1
bn_ASV_000329	nano	Bacteria	Bacteroidetes	Bacteroidetes	Bacteroidia	Flavobacteriales	Flavobacteriaceae	Flavobacteriaceae_NS5	uncultured_marine_bacterium	Bacteroidetes	1
bn_ASV_000341	nano	Bacteria	Bacteroidetes	Bacteroidetes	Bacteroidia	Flavobacteriales	Flavobacteriaceae	Flavobacteriaceae_NS5	uncultured_marine_bacterium	Bacteroidetes	1
bn_ASV_000347	nano	Bacteria	Proteobacteria	Proteobacteria	Alphaproteobacteria	SAR11	SAR11_Clade_II	SAR11_Clade_II	uncultured_bacterium	Alphaproteobacteria	1
bn_ASV_000348	nano	Bacteria	Proteobacteria	Proteobacteria	Alphaproteobacteria	Rhodobacterales	Rhodobacteraceae	Rhodobacteraceae_X	uncultured_bacterium	Alphaproteobacteria	1
bn_ASV_000361	nano	Bacteria	Bacteroidetes	Bacteroidetes	Bacteroidia	Flavobacteriales	Cryomorphaceae	Cryomorphaceae_X	uncultured_marine_bacterium	Bacteroidetes	1
bn_ASV_000367	nano	Bacteria	Bacteroidetes	Bacteroidetes	Bacteroidia	Cytophagales	Cyclobacteriaceae	Marinoscillum	marine_metagenome	Bacteroidetes	1
bn_ASV_000375	nano	Bacteria	Proteobacteria	Proteobacteria	Alphaproteobacteria	Rhodobacterales	Rhodobacteraceae	Rhodobacteraceae_X	uncultured_bacterium	Alphaproteobacteria	1
bn_ASV_000378	nano	Bacteria	Verrucomicrobia	Verrucomicrobia	Verrucomicrobiae	Verrucomicrobiae_Arctic97B-4	Verrucomicrobiae_Arctic97B-4	Verrucomicrobiae_Arctic97B-4	uncultured_bacterium	Verrucomicrobia	1
bn_ASV_000379	nano	Bacteria	Verrucomicrobia	Verrucomicrobia	Verrucomicrobiae	Verrucomicrobiales	Verrucomicrobiales_DEV007	Verrucomicrobiales_DEV007	uncultured_bacterium	Verrucomicrobia	1
bn_ASV_000380	nano	Bacteria	Proteobacteria	Proteobacteria	Gammaproteobacteria	Gammaproteobacteria_UBA10353	Gammaproteobacteria_UBA10353	Gammaproteobacteria_UBA10353	unidentified_marine_bacterioplankton	Gammaproteobacteria	1
bn_ASV_000393	nano	Bacteria	Proteobacteria	Proteobacteria	Deltaproteobacteria	Deltaproteobacteria_SAR324	Deltaproteobacteria_SAR324	Deltaproteobacteria_SAR324	uncultured_marine_bacterium	Deltaproteobacteria	1
bn_ASV_000402	nano	Bacteria	Proteobacteria	Proteobacteria	Gammaproteobacteria	Gammaproteobacteria_SAR86	Gammaproteobacteria_SAR86	Gammaproteobacteria_SAR86	uncultured_marine_bacterium	Gammaproteobacteria	1
bn_ASV_000409	nano	Bacteria	Proteobacteria	Proteobacteria	Alphaproteobacteria	Puniceispirillales	Puniceispirillales_X	Puniceispirillales_X	uncultured_bacterium	Alphaproteobacteria	1
bn_ASV_000414	nano	Bacteria	Proteobacteria	Proteobacteria	Alphaproteobacteria	SAR11	SAR11_Clade_II	SAR11_Clade_II	uncultured_bacterium	Alphaproteobacteria	1
bn_ASV_000415	nano	Bacteria	Actinobacteria	Actinobacteria	Acidimicrobiia	Microtrichales	Microtrichaceae	Sva0996_marine_group	uncultured_marine_bacterium	Actinobacteria	1
bn_ASV_000425	nano	Bacteria	Verrucomicrobia	Verrucomicrobia	Verrucomicrobiae	Opitutales	Puniceicoccaceae	Cerasicoccus	uncultured_Verrucomicrobia_bacterium	Verrucomicrobia	1
bn_ASV_000431	nano	Bacteria	Proteobacteria	Proteobacteria	Gammaproteobacteria	Gammaproteobacteria_UBA10353	Gammaproteobacteria_UBA10353	Gammaproteobacteria_UBA10353	uncultured_bacterium	Gammaproteobacteria	1
bn_ASV_000440	nano	Bacteria	Chloroflexi	Chloroflexi	Dehalococcoidia	Dehalococcoidia_SAR202	Dehalococcoidia_SAR202	Dehalococcoidia_SAR202	marine_metagenome	Chloroflexi	1
bn_ASV_000446	nano	Bacteria	Chloroflexi	Chloroflexi	Dehalococcoidia	Dehalococcoidia_SAR202	Dehalococcoidia_SAR202	Dehalococcoidia_SAR202	uncultured_bacterium	Chloroflexi	1
bn_ASV_000475	nano	Bacteria	Bacteroidetes	Bacteroidetes	Bacteroidia	Flavobacteriales	Flavobacteriaceae	Flavobacteriaceae_X	uncultured_marine_bacterium	Bacteroidetes	1
bn_ASV_000511	nano	Bacteria	Proteobacteria	Proteobacteria	Gammaproteobacteria	Betaproteobacteriales	Nitrosomonadaceae	IS-44	uncultured_bacterium	Gammaproteobacteria	1
bn_ASV_000528	nano	Bacteria	Proteobacteria	Proteobacteria	Alphaproteobacteria	Alphaproteobacteria_X	Alphaproteobacteria_X	Alphaproteobacteria_X	uncultured_bacterium	Alphaproteobacteria	1
bn_ASV_000540	nano	Bacteria	Planctomycetes	Planctomycetes	Planctomycetacia	Pirellulales	Pirellulaceae	Blastopirellula	uncultured_planctomycete_8FN	Planctomycetes	1
bn_ASV_000564	nano	Bacteria	Actinobacteria	Actinobacteria	Acidimicrobiia	Microtrichales	Microtrichaceae	Sva0996_marine_group	uncultured_bacterium	Actinobacteria	1
bn_ASV_000615	nano	Bacteria	Proteobacteria	Proteobacteria	Gammaproteobacteria	Gammaproteobacteria_OM182	Gammaproteobacteria_OM182	Gammaproteobacteria_OM182	uncultured_marine_bacterium	Gammaproteobacteria	1
bp_ASV_000001	pico	Bacteria	Cyanobacteria	Cyanobacteria	Oxyphotobacteria	Synechococcales	Cyanobiaceae	Synechococcus_CC9902	uncultured_bacterium	Synechococcus_CC9902	1
bp_ASV_000002	pico	Bacteria	Proteobacteria	Proteobacteria	Alphaproteobacteria	SAR11	SAR11_Clade_I	SAR11_Clade_Ia	uncultured_bacterium	Alphaproteobacteria	1
bp_ASV_000005	pico	Bacteria	Cyanobacteria	Cyanobacteria	Oxyphotobacteria	Synechococcales	Cyanobiaceae	Synechococcus_CC9902	uncultured_bacterium	Synechococcus_CC9902	1
bp_ASV_000009	pico	Bacteria	Cyanobacteria	Cyanobacteria	Oxyphotobacteria	Synechococcales	Cyanobiaceae	Synechococcus_CC9902	uncultured_marine_cyanobacterium	Synechococcus_CC9902	1
bp_ASV_000012	pico	Bacteria	Cyanobacteria	Cyanobacteria	Oxyphotobacteria	Synechococcales	Cyanobiaceae	Synechococcus_CC9902	marine_metagenome	Synechococcus_CC9902	1
bp_ASV_000018	pico	Bacteria	Cyanobacteria	Cyanobacteria	Oxyphotobacteria	Synechococcales	Cyanobiaceae	Prochlorococcus_MIT9313	uncultured_marine_cyanobacterium	Prochlorococcus_MIT9313	1
bp_ASV_000020	pico	Bacteria	Cyanobacteria	Cyanobacteria	Oxyphotobacteria	Synechococcales	Cyanobiaceae	Cyanobium_PCC-6307	uncultured_bacterium	Cyanobium_PCC-6307	1
bp_ASV_000022	pico	Bacteria	Proteobacteria	Proteobacteria	Alphaproteobacteria	Rhodospirillales	Rhodospirillales_AEGEAN-169	Rhodospirillales_AEGEAN-169	uncultured_marine_bacterium	Alphaproteobacteria	1
bp_ASV_000024	pico	Bacteria	Proteobacteria	Proteobacteria	Alphaproteobacteria	Rhodospirillales	Rhodospirillales_AEGEAN-169	Rhodospirillales_AEGEAN-169	uncultured_bacterium	Alphaproteobacteria	1
bp_ASV_000038	pico	Bacteria	Proteobacteria	Proteobacteria	Gammaproteobacteria	Gammaproteobacteria_SAR86	Gammaproteobacteria_SAR86	Gammaproteobacteria_SAR86	uncultured_bacterium	Gammaproteobacteria	1
bp_ASV_000043	pico	Bacteria	Bacteroidetes	Bacteroidetes	Bacteroidia	Flavobacteriales	Flavobacteriaceae	Flavobacteriaceae_NS4	uncultured_bacterium	Bacteroidetes	1
bp_ASV_000044	pico	Bacteria	Proteobacteria	Proteobacteria	Alphaproteobacteria	Puniceispirillales	Puniceispirillales_SAR116	Puniceispirillales_SAR116	uncultured_bacterium	Alphaproteobacteria	1
bp_ASV_000045	pico	Bacteria	Proteobacteria	Proteobacteria	Alphaproteobacteria	Rhodospirillales	Rhodospirillales_AEGEAN-169	Rhodospirillales_AEGEAN-169	uncultured_marine_bacterium	Alphaproteobacteria	1
bp_ASV_000046	pico	Bacteria	Proteobacteria	Proteobacteria	Alphaproteobacteria	SAR11	SAR11_Clade_I	SAR11_Clade_Ia	uncultured_marine_bacterium	Alphaproteobacteria	1
bp_ASV_000054	pico	Bacteria	Proteobacteria	Proteobacteria	Alphaproteobacteria	Puniceispirillales	Puniceispirillales_SAR116	Puniceispirillales_SAR116	uncultured_alpha_proteobacterium	Alphaproteobacteria	1
bp_ASV_000059	pico	Bacteria	Proteobacteria	Proteobacteria	Gammaproteobacteria	Gammaproteobacteria_SAR86	Gammaproteobacteria_SAR86	Gammaproteobacteria_SAR86	uncultured_bacterium	Gammaproteobacteria	1
bp_ASV_000077	pico	Bacteria	Bacteroidetes	Bacteroidetes	Rhodothermia	Balneolales	Balneolaceae	Balneola	uncultured_bacterium	Bacteroidetes	1
bp_ASV_000078	pico	Bacteria	Bacteroidetes	Bacteroidetes	Bacteroidia	Flavobacteriales	Flavobacteriaceae	Flavobacteriaceae_NS4	uncultured_marine_bacterium	Bacteroidetes	1
bp_ASV_000087	pico	Bacteria	Cyanobacteria	Cyanobacteria	Oxyphotobacteria	Synechococcales	Cyanobiaceae	Synechococcus_CC9902	unidentified_marine_bacterioplankton	Synechococcus_CC9902	1
bp_ASV_000095	pico	Bacteria	Proteobacteria	Proteobacteria	Alphaproteobacteria	Rickettsiales	Rickettsiales_S25-593	Rickettsiales_S25-593	uncultured_bacterium	Alphaproteobacteria	1
bp_ASV_000096	pico	Bacteria	Proteobacteria	Proteobacteria	Alphaproteobacteria	SAR11	SAR11_Clade_III	SAR11_Clade_III	uncultured_bacterium	Alphaproteobacteria	1
bp_ASV_000112	pico	Bacteria	Proteobacteria	Proteobacteria	Gammaproteobacteria	Gammaproteobacteria_KI89A	Gammaproteobacteria_KI89A	Gammaproteobacteria_KI89A	uncultured_bacterium	Gammaproteobacteria	1
bp_ASV_000113	pico	Bacteria	Chloroflexi	Chloroflexi	Dehalococcoidia	Dehalococcoidia_SAR202	Dehalococcoidia_SAR202	Dehalococcoidia_SAR202	marine_metagenome	Chloroflexi	1
bp_ASV_000116	pico	Bacteria	Bacteroidetes	Bacteroidetes	Bacteroidia	Flavobacteriales	Flavobacteriaceae	Flavobacteriaceae_NS4	marine_metagenome	Bacteroidetes	1
bp_ASV_000117	pico	Bacteria	Proteobacteria	Proteobacteria	Alphaproteobacteria	Puniceispirillales	Puniceispirillales_SAR116	Puniceispirillales_SAR116	uncultured_bacterium	Alphaproteobacteria	1
bp_ASV_000123	pico	Bacteria	Proteobacteria	Proteobacteria	Gammaproteobacteria	Cellvibrionales	Halieaceae	Halieaceae_OM60	uncultured_bacterium	Gammaproteobacteria	1
bp_ASV_000127	pico	Bacteria	Bacteroidetes	Bacteroidetes	Bacteroidia	Flavobacteriales	Cryomorphaceae	Cryomorphaceae_X	uncultured_marine_microorganism	Bacteroidetes	1
bp_ASV_000134	pico	Bacteria	Proteobacteria	Proteobacteria	Alphaproteobacteria	Rickettsiales	Rickettsiales_S25-593	Rickettsiales_S25-593	uncultured_bacterium	Alphaproteobacteria	1
bp_ASV_000135	pico	Bacteria	Proteobacteria	Proteobacteria	Gammaproteobacteria	Oceanospirillales	Pseudohongiellaceae	Pseudohongiella	uncultured_marine_bacterium	Gammaproteobacteria	1
bp_ASV_000136	pico	Bacteria	Bacteroidetes	Bacteroidetes	Bacteroidia	Flavobacteriales	Flavobacteriaceae	Flavobacteriaceae_NS2b	uncultured_Flavobacteriia_bacterium	Bacteroidetes	1
bp_ASV_000142	pico	Bacteria	Bacteroidetes	Bacteroidetes	Bacteroidia	Flavobacteriales	Flavobacteriaceae	Flavobacteriaceae_NS5	uncultured_bacterium	Bacteroidetes	1
bp_ASV_000151	pico	Bacteria	Proteobacteria	Proteobacteria	Alphaproteobacteria	Rhodobacterales	Rhodobacteraceae	Rhodobacteraceae_X	uncultured_bacterium	Alphaproteobacteria	1
bp_ASV_000159	pico	Bacteria	Bacteroidetes	Bacteroidetes	Bacteroidia	Flavobacteriales	Flavobacteriaceae	Flavobacteriaceae_NS5	uncultured_marine_bacterium	Bacteroidetes	1
bp_ASV_000163	pico	Bacteria	Proteobacteria	Proteobacteria	Gammaproteobacteria	Gammaproteobacteria_SAR86	Gammaproteobacteria_SAR86	Gammaproteobacteria_SAR86	marine_metagenome	Gammaproteobacteria	1
bp_ASV_000170	pico	Bacteria	Actinobacteria	Actinobacteria	Acidimicrobiia	Microtrichales	Microtrichaceae	Sva0996_marine_group	uncultured_actinobacterium_HF0130_15N16	Actinobacteria	1
bp_ASV_000184	pico	Bacteria	Proteobacteria	Proteobacteria	Alphaproteobacteria	SAR11	SAR11_Clade_II	SAR11_Clade_II	uncultured_bacterium	Alphaproteobacteria	1
bp_ASV_000198	pico	Bacteria	Proteobacteria	Proteobacteria	Alphaproteobacteria	Rhodospirillales	Rhodospirillales_AEGEAN-169	Rhodospirillales_AEGEAN-169	uncultured_marine_bacterium	Alphaproteobacteria	1
bp_ASV_000214	pico	Bacteria	Bacteroidetes	Bacteroidetes	Bacteroidia	Flavobacteriales	Flavobacteriaceae	Flavobacteriaceae_NS4	uncultured_Flavobacteriales_bacterium	Bacteroidetes	1
bp_ASV_000222	pico	Bacteria	Proteobacteria	Proteobacteria	Alphaproteobacteria	Rhodospirillales	Rhodospirillales_AEGEAN-169	Rhodospirillales_AEGEAN-169	uncultured_bacterium	Alphaproteobacteria	1
bp_ASV_000226	pico	Bacteria	Proteobacteria	Proteobacteria	Gammaproteobacteria	Gammaproteobacteria_HOC36	Gammaproteobacteria_HOC36	Gammaproteobacteria_HOC36	uncultured_bacterium	Gammaproteobacteria	1
bp_ASV_000232	pico	Bacteria	Actinobacteria	Actinobacteria	Acidimicrobiia	Microtrichales	Microtrichaceae	Sva0996_marine_group	uncultured_bacterium	Actinobacteria	1
bp_ASV_000279	pico	Bacteria	Proteobacteria	Proteobacteria	Alphaproteobacteria	Alphaproteobacteria_X	Alphaproteobacteria_X	Alphaproteobacteria_X	uncultured_bacterium	Alphaproteobacteria	1
bp_ASV_000290	pico	Bacteria	Proteobacteria	Proteobacteria	Alphaproteobacteria	Parvibaculales	Parvibaculales_OCS116	Parvibaculales_OCS116	uncultured_marine_bacterium	Alphaproteobacteria	1
bp_ASV_000341	pico	Bacteria	Bacteroidetes	Bacteroidetes	Bacteroidia	Flavobacteriales	Flavobacteriaceae	Flavobacteriaceae_NS5	uncultured_marine_bacterium	Bacteroidetes	1
en_ASV_00059	nano	Eukaryota	Archaeplastida	Chlorophyta	Chlorodendrophyceae	Chlorodendrales	Chlorodendraceae	Tetraselmis	Tetraselmis_sp	Chlorophyta	1
en_ASV_00074	nano	Eukaryota	Alveolata	Dinoflagellata	Dinophyceae	Dinophyceae_X	Dinophyceae_XX	Dinophyceae_XXX	Dinophyceae_XXX_sp	Dinoflagellata	1
en_ASV_00077	nano	Eukaryota	Stramenopiles	Ochrophyta	Bacillariophyta	Bacillariophyta_X	Polar-centric-Mediophyceae	Chaetoceros	Chaetoceros_setoense	Ochrophyta	1
en_ASV_00096	nano	Eukaryota	Alveolata	Dinoflagellata	Syndiniales	Syndiniales-Group-I	Syndiniales-Group-I-Clade-1	Syndiniales-Group-I-Clade-1_X	Syndiniales-Group-I-Clade-1_X_sp	Dinoflagellata	1
en_ASV_00109	nano	Eukaryota	Archaeplastida	Chlorophyta	Mamiellophyceae	Mamiellales	Mamiellaceae	Micromonas	Micromonas_Clade-B.E.3	Chlorophyta	1
en_ASV_00114	nano	Eukaryota	Alveolata	Dinoflagellata	Dinophyceae	Dinophyceae_X	Dinophyceae_XX	Dinophyceae_XXX	Dinophyceae_XXX_sp	Dinoflagellata	1
en_ASV_00119	nano	Eukaryota	Alveolata	Dinoflagellata	Dinophyceae	Dinophyceae_X	Dinophyceae_XX	Dinophyceae_XXX	Dinophyceae_XXX_sp	Dinoflagellata	1
en_ASV_00140	nano	Eukaryota	Alveolata	Dinoflagellata	Syndiniales	Syndiniales-Group-I	Syndiniales-Group-I-Clade-1	Syndiniales-Group-I-Clade-1_X	Syndiniales-Group-I-Clade-1_X_sp	Dinoflagellata	1
en_ASV_00161	nano	Eukaryota	Alveolata	Dinoflagellata	Syndiniales	Syndiniales-Group-I	Syndiniales-Group-I-Clade-4	Syndiniales-Group-I-Clade-4_X	Syndiniales-Group-I-Clade-4_X_sp	Dinoflagellata	1
en_ASV_00198	nano	Eukaryota	Alveolata	Dinoflagellata	Syndiniales	Syndiniales-Group-I	Syndiniales-Group-I-Clade-1	Syndiniales-Group-I-Clade-1_X	Syndiniales-Group-I-Clade-1_X_sp	Dinoflagellata	1
en_ASV_00207	nano	Eukaryota	Alveolata	Dinoflagellata	Dinophyceae	Dinophyceae_X	Dinophyceae_XX	Dinophyceae_XXX	Dinophyceae_XXX_sp	Dinoflagellata	1
en_ASV_00218	nano	Eukaryota	Alveolata	Dinoflagellata	Dinophyceae	Dinophyceae_X	Dinophyceae_XX	Dinophyceae_XXX	Dinophyceae_XXX_sp	Dinoflagellata	1
en_ASV_00247	nano	Eukaryota	Alveolata	Dinoflagellata	Dinophyceae	Gymnodiniales	Gymnodiniaceae	Gymnodinium	Gymnodinium_sp	Dinoflagellata	1
en_ASV_00254	nano	Eukaryota	Alveolata	Dinoflagellata	Dinophyceae	Dinophyceae_X	Dinophyceae_XX	Dinophyceae_XXX	Dinophyceae_XXX_sp	Dinoflagellata	1
en_ASV_00329	nano	Eukaryota	Alveolata	Dinoflagellata	Syndiniales	Syndiniales-Group-I	Syndiniales-Group-I-Clade-1	Syndiniales-Group-I-Clade-1_X	Syndiniales-Group-I-Clade-1_X_sp	Dinoflagellata	1
en_ASV_00385	nano	Eukaryota	Alveolata	Dinoflagellata	Dinophyceae	Dinophyceae_X	Dinophyceae_XX	Dinophyceae_XXX	Dinophyceae_XXX_sp	Dinoflagellata	1
en_ASV_00498	nano	Eukaryota	Alveolata	Dinoflagellata	Dinophyceae	Gymnodiniales	Gymnodiniaceae	Lepidodinium	Lepidodinium_chlorophorum	Dinoflagellata	1
en_ASV_00683	nano	Eukaryota	Alveolata	Dinoflagellata	Syndiniales	Syndiniales-Group-III	Syndiniales-Group-III_X	Syndiniales-Group-III_XX	Syndiniales-Group-III_XX_sp	Dinoflagellata	1
en_ASV_00696	nano	Eukaryota	Hacrobia	Cryptophyta	Cryptophyceae	Cryptophyceae_X	Cryptomonadales	Teleaulax	Teleaulax_sp	Cryptophyta	1
en_ASV_00727	nano	Eukaryota	Stramenopiles	Ochrophyta	Pelagophyceae	Pelagomonadales	Pelagomonadaceae	Pelagomonas	Pelagomonas_calceolata	Ochrophyta	1
en_ASV_00820	nano	Eukaryota	Archaeplastida	Chlorophyta	Prasino-Clade-9	Prasino-Clade-9_X	Prasino-Clade-9-B	Prasino-Clade-9-B_X	Prasino-Clade-9-B_X_sp	Chlorophyta	1
en_ASV_00879	nano	Eukaryota	Alveolata	Dinoflagellata	Dinophyceae	Dinophyceae_X	Dinophyceae_XX	Dinophyceae_XXX	Dinophyceae_XXX_sp	Dinoflagellata	1
en_ASV_00969	nano	Eukaryota	Alveolata	Dinoflagellata	Dinophyceae	Dinophyceae_X	Dinophyceae_XX	Dinophyceae_XXX	Dinophyceae_XXX_sp	Dinoflagellata	1
en_ASV_01061	nano	Eukaryota	Alveolata	Dinoflagellata	Dinophyceae	Dinophyceae_X	Dinophyceae_XX	Dinophyceae_XXX	Dinophyceae_XXX_sp	Dinoflagellata	1
en_ASV_01138	nano	Eukaryota	Alveolata	Ciliophora	Spirotrichea	Strombidiida	Strombidiidae	Strombidiidae_X	Strombidiidae_X_sp	Ciliophora	1
en_ASV_01234	nano	Eukaryota	Stramenopiles	Ochrophyta	Bacillariophyta	Bacillariophyta_X	Raphid-pennate	Navicula	Navicula_sp	Ochrophyta	1
ep_ASV_00001	pico	Eukaryota	Archaeplastida	Chlorophyta	Mamiellophyceae	Mamiellales	Bathycoccaceae	Bathycoccus	Bathycoccus_prasinos	Chlorophyta	1
ep_ASV_00002	pico	Eukaryota	Archaeplastida	Chlorophyta	Mamiellophyceae	Mamiellales	Mamiellaceae	Micromonas	Micromonas_Clade-B.E.3	Chlorophyta	1
ep_ASV_00020	pico	Eukaryota	Alveolata	Dinoflagellata	Syndiniales	Syndiniales-Group-I	Syndiniales-Group-I-Clade-1	Syndiniales-Group-I-Clade-1_X	Syndiniales-Group-I-Clade-1_X_sp	Dinoflagellata	1
ep_ASV_00045	pico	Eukaryota	Stramenopiles	Ochrophyta	Pelagophyceae	Pelagomonadales	Pelagomonadaceae	Pelagomonas	Pelagomonas_calceolata	Ochrophyta	1
ep_ASV_00047	pico	Eukaryota	Archaeplastida	Chlorophyta	Mamiellophyceae	Mamiellales	Mamiellaceae	Micromonas	Micromonas_Clade-B..4	Chlorophyta	1
ep_ASV_00087	pico	Eukaryota	Alveolata	Dinoflagellata	Syndiniales	Syndiniales-Group-I	Syndiniales-Group-I-Clade-4	Syndiniales-Group-I-Clade-4_X	Syndiniales-Group-I-Clade-4_X_sp	Dinoflagellata	1
ep_ASV_00132	pico	Eukaryota	Stramenopiles	Stramenopiles_X	MAST	MAST-3	MAST-3E	MAST-3E_X	MAST-3E_X_sp	Stramenopiles_X	1
ep_ASV_00171	pico	Eukaryota	Stramenopiles	Stramenopiles_X	MAST	MAST-11	MAST-11_X	MAST-11_XX	MAST-11_XX_sp	Stramenopiles_X	1
ep_ASV_00196	pico	Eukaryota	Hacrobia	Cryptophyta	Cryptophyceae	Cryptophyceae_X	Cryptomonadales	Proteomonas	Proteomonas_sulcata	Cryptophyta	1
